route_id,agency_id,route_short_name,Type,avg_co2_per_vehicle_per_km,avg_passenger_count,route_long_name,route_desc,route_type,route_url
1001,HSL,1,tram,0,25,Eira - Töölö - Sörnäinen (M) - Käpylä,,0,http://aikataulut.hsl.fi/linjat/fi/h1_1a.html
1001H,HSL,1H,tram,0,25,Käpylä - Sörnäinen (M) - Ooppera,,0,http://aikataulut.hsl.fi/linjat/fi/h1_1a.html
1002,HSL,2,tram,0,25,Olympiaterm. - Rautatieas. - Kamppi - Töölö - Pasila as.,,0,http://aikataulut.hsl.fi/linjat/fi/h2.html
1002H,HSL,2H,tram,0,25,Pasila as. - Ooppera,,0,http://aikataulut.hsl.fi/linjat/fi/h2.html
1003,HSL,3,tram,0,25,Olympiaterm. - Eira - Rautatieas - Kallio - Pikku Huopalahti,,0,http://aikataulut.hsl.fi/linjat/fi/h3.html
1003H,HSL,3H,tram,0,25,Pikku Huopalahti - Alppila - Ooppera,,0,http://aikataulut.hsl.fi/linjat/fi/h3.html
1004,HSL,4,tram,0,25,Katajanokka - Lasipalatsi - Alppila - Meilahti,,0,http://aikataulut.hsl.fi/linjat/fi/h4.html
1004H,HSL,4H,tram,0,25,Meilahti - Alppila - Ooppera,,0,http://aikataulut.hsl.fi/linjat/fi/h4.html
1004T,HSL,4T,tram,0,25,Katajanokan terminaali - Lasipalatsi - Alppila - Meilahti,,0,http://aikataulut.hsl.fi/linjat/fi/h4T.html
1005,HSL,5,tram,0,25,Katajanokan terminaali - Rautatieasema,,0,http://aikataulut.hsl.fi/linjat/fi/h5.html
1005H,HSL,5H,tram,0,25,Katajanokan term - Rautatieas - Kamppi - Töölö -Ruusulankatu,,0,http://aikataulut.hsl.fi/linjat/fi/h5H.html
1006,HSL,6,tram,0,25,Eiranranta - Rautatieasema - Sörnäinen (M) - Arabia,,0,http://aikataulut.hsl.fi/linjat/fi/h6_6t.html
1006H,HSL,6H,tram,0,25,Arabia - Vallila,,0,http://aikataulut.hsl.fi/linjat/fi/h6_6t.html
1007,HSL,7,tram,0,25,Länsiterm. - Kruununhaka - Sörn. (M) - Pasila - Meilahden s.,,0,http://aikataulut.hsl.fi/linjat/fi/h7.html
1007H,HSL,7H,tram,0,25,Meilahden sairaala - Pasila as. - Koskelan halli,,0,http://aikataulut.hsl.fi/linjat/fi/h7H.html
1008,HSL,8,tram,0,25,Jätkäsaari - Ruoholahti (M) - Töölö - Sörnäinen (M) - Arabia,,0,http://aikataulut.hsl.fi/linjat/fi/h8.html
1008H,HSL,8H,tram,0,25,Arabia - Vallila,,0,http://aikataulut.hsl.fi/linjat/fi/h8H.html
1009,HSL,9,tram,0,25,Länsiterminaali - Rautatieas. - Kallio - Pasila as. - Ilmala,,0,http://aikataulut.hsl.fi/linjat/fi/h9.html
1009H,HSL,9H,tram,0,25,Ilmala - Pasila as. - Koskelan halli,,0,http://aikataulut.hsl.fi/linjat/fi/h9H.html
1009N,HSL,9N,tram,0,25,Jätkäsaari - Rautatieasema - Kallio - Ilmala,,0,http://aikataulut.hsl.fi/linjat/fi/h9N.html
1010,HSL,10,tram,0,25,Kirurgi - Lasipalatsi - Ooppera - Vallila,,0,http://aikataulut.hsl.fi/linjat/fi/h10.html
1010H,HSL,10H,tram,0,25,Kirurgi - Töölö - Ruusulankatu,,0,http://aikataulut.hsl.fi/linjat/fi/h10H.html
1016,HSL,16,A-bus,1100,11,Rautatientori-Korkeasaari,,701,http://aikataulut.hsl.fi/linjat/fi/b16.html
1020,HSL,20,D-bus,0,18,Eira-Kamppi-Munkkivuori,,702,http://aikataulut.hsl.fi/linjat/fi/h20.html
1021,HSL,21,A-bus,1100,11,Kamppi-Ruoholahti (M)-Vattuniemi-Lauttasaari (M),,701,http://aikataulut.hsl.fi/linjat/fi/21bx.html
1021N,HSL,21N,A-bus,1100,11,Asema-aukio-Vattuniemi-Lauttasaari (M)-Katajaharju,,701,http://aikataulut.hsl.fi/linjat/fi/b21N.html
1022,HSL,22,A-bus,1100,11,Punavuori-Ruoholahti (M)-Lauttasaari (M)-Katajaharju,,701,http://aikataulut.hsl.fi/linjat/fi/b22.html
1022B,HSL,22B,A-bus,1100,11,Lauttasaari (M)-Katajaharju,,701,http://aikataulut.hsl.fi/linjat/fi/b22B.html
1023,HSL,23,A-bus,0,11,Rautatientori-Pasila-Pirkkola,,701,http://aikataulut.hsl.fi/linjat/fi/b23.html
1024,HSL,24,A-bus,0,11,Kamppi-Seurasaari,,701,http://aikataulut.hsl.fi/linjat/fi/b24.html
1025,HSL,25,A-bus,0,11,Kamppi-Pajamäki,,701,http://aikataulut.hsl.fi/linjat/fi/b25.html
1026,HSL,26,M-bus,230,1.5,Ruoholahti-Salmisaari,,701,http://aikataulut.hsl.fi/linjat/fi/b26.html
1030,HSL,30,D-bus,0,18,Eira-Kamppi-Munkkiniemi-Konala-Malminkartano-Myyrmäki,,702,https://www.hsl.fi/sites/default/files/uploads/h30_0.pdf
1031,HSL,31,M-bus,230,1.5,Lassila-Munkkivuori,,704,http://aikataulut.hsl.fi/linjat/fi/b31.html
1032,HSL,32,M-bus,230,1.5,Lassila-Munkkivuori,,704,http://aikataulut.hsl.fi/linjat/fi/b32.html
1033,HSL,33,M-bus,230,1.5,Munkkivuori-Ritolehto,,704,http://aikataulut.hsl.fi/linjat/fi/b33.html
1034,HSL,34,M-bus,230,1.5,Munkkivuori-Kaskisaari,,704,http://aikataulut.hsl.fi/linjat/fi/b34.html
1035,HSL,35,M-bus,230,1.5,Niemenmäki-Munkkivuori-Rakuunantie,,704,http://aikataulut.hsl.fi/linjat/fi/b35.html
1036,HSL,36,M-bus,230,1.5,Konala-Kannelmäki-Maununneva-Pirkkola,,704,http://aikataulut.hsl.fi/linjat/fi/b36.html
1037,HSL,37,A-bus,0,11,Kamppi-Konala-Malminkartano-Honkasuo-Myyrmäki,,701,http://aikataulut.hsl.fi/linjat/fi/b37.html
1040,HSL,40,D-bus,0,18,Elielinaukio-Haaga-Kannelmäki,,702,http://aikataulut.hsl.fi/linjat/fi/b40.html
1041,HSL,41,A-bus,0,11,Kamppi-Pohjois-Haagan asema,,701,http://aikataulut.hsl.fi/linjat/fi/b41.html
1042,HSL,42,A-bus,0,11,Kamppi-Maununneva-Kannelmäki,,701,http://aikataulut.hsl.fi/linjat/fi/b42.html
1052,HSL,52,A-bus,0,11,Kuninkaantammi-Kannelmäki-Huopalahti-Munkkivuori-Otaniemi,,701,http://aikataulut.hsl.fi/linjat/fi/b52.html
1053,HSL,53,A-bus,0,11,Arabia-Oulunkylä-Maunula-Pohjois-Haaga-Konala-Uusmäki,,701,http://aikataulut.hsl.fi/linjat/fi/b53.html
1054,HSL,54,C-bus,1300,14,Itäkeskus (M)- Pitäjänmäki,,701,http://aikataulut.hsl.fi/linjat/fi/b54.html
1055,HSL,55,A-bus,0,11,Rautatientori-Koskela,,701,http://aikataulut.hsl.fi/linjat/fi/b55.html
1056,HSL,56,A-bus,0,11,Kalasatama(M)-Käpylä-Kannelmäki,,701,http://aikataulut.hsl.fi/linjat/fi/b56.html
1057,HSL,57,C-bus,0,14,Kontula(M) - Viikki - Koskela - Ruskeasuo - Munkkiniemi,,701,http://aikataulut.hsl.fi/linjat/fi/b57.html
1059,HSL,59,C-bus,0,14,Herttoniemi(M)-Kalasatama(M)-Pasila-Konala-Malminkartano,,701,http://aikataulut.hsl.fi/linjat/fi/b59.html
1061,HSL,61,C-bus,1300,14,Rautatientori-Pukinmäki-Tapaninkylä,,701,http://aikataulut.hsl.fi/linjat/fi/b61.html
1061N,HSL,61N,C-bus,1300,14,Rautatientori-Pukinmäki-Töyrynummi,,701,http://aikataulut.hsl.fi/linjat/fi/b61N.html
1063,HSL,63,C-bus,1300,14,Kamppi-Ruskeasuo-Maunula-Paloheinä,,701,http://aikataulut.hsl.fi/linjat/fi/b63.html
1064,HSL,64,C-bus,1300,14,Rautatientori-Oulunkylä-Itä-Pakila,,701,http://aikataulut.hsl.fi/linjat/fi/b64.html
1065,HSL,65,C-bus,1300,14,Rautatientori-Käpylä-Veräjälaakso,,701,http://aikataulut.hsl.fi/linjat/fi/h65.html
1066,HSL,66,C-bus,1300,14,Rautatientori-Maunula-Länsi-Pakila-Paloheinä,,701,http://aikataulut.hsl.fi/linjat/fi/b66.html
1067,HSL,67,C-bus,1300,14,Rautatientori-Maunula-Pakila-Torpparinmäki,,701,http://aikataulut.hsl.fi/linjat/fi/b67.html
1067N,HSL,67N,C-bus,1300,14,Rautatientori-Torpparinmäki,,701,http://aikataulut.hsl.fi/linjat/fi/b67N.html
1069,HSL,69,A-bus,1100,11,Kamppi-Pasila-Käpylä-Malmi-Jakomäki,,701,http://aikataulut.hsl.fi/linjat/fi/b69.html
1070,HSL,70,A-bus,1100,11,Kamppi-Töölö-Pihlajamäki-Pukinmäki-Malmi,,701,http://aikataulut.hsl.fi/linjat/fi/b70.html
1071,HSL,71,C-bus,1300,14,Rautatientori-Pihlajisto-Pihlajamäki-Malmi,,701,http://aikataulut.hsl.fi/linjat/fi/b71.html
1073,HSL,73,C-bus,1300,14,Karhupuisto-Malmi-Puistolan as.-Ala-Tikkurila,,701,http://aikataulut.hsl.fi/linjat/fi/b73.html
1073N,HSL,73N,C-bus,1300,14,Rautatientori-Malmi-Puistolan asema-Ala-Tikkurila,,701,http://aikataulut.hsl.fi/linjat/fi/h73n.html
1074,HSL,74,C-bus,1300,14,Karhupuisto-Malmi-Tapanila-Puistola-Heikinlaakso,,701,http://aikataulut.hsl.fi/linjat/fi/b74.html
1074N,HSL,74N,C-bus,1300,14,Rautatientori-Malmi-Tapanila-Puistola-Heikinlaakso,,701,http://aikataulut.hsl.fi/linjat/fi/h74n.html
1075,HSL,75,C-bus,1300,14,Rautatientori-Jakomäki-Puistolan asema,,701,http://aikataulut.hsl.fi/linjat/fi/b75.html
1077,HSL,77,C-bus,0,14,Rautatientori-Tattarisuo-Jakomäki,,701,http://aikataulut.hsl.fi/linjat/fi/h77.html
1077N,HSL,77N,C-bus,1300,14,Rautatientori-Arabia-Malmi-Jakomäki,,701,http://aikataulut.hsl.fi/linjat/fi/b77N.html
1078,HSL,78,C-bus,1300,14,Rautatientori-Viikki-Latokartano,,701,http://aikataulut.hsl.fi/linjat/fi/b78.html
1078N,HSL,78N,C-bus,1300,14,Rautatientori-Viikki-Latokartano,,701,http://aikataulut.hsl.fi/linjat/fi/b78N.html
1079,HSL,79,C-bus,0,14,Herttoniemi (M)-Latokartano-Malmi-Siltamäki-Puistolan asem,,701,http://aikataulut.hsl.fi/linjat/fi/b79.html
1079B,HSL,79B,A-bus,1100,11,Siilitie (M)-Latokartano,,701,http://aikataulut.hsl.fi/linjat/fi/b79B.html
1079N,HSL,79N,C-bus,0,14,Rautatientori-Malmi-Siltamäki-Puistolan asema,,701,http://aikataulut.hsl.fi/linjat/fi/b79N.html
1080,HSL,80,A-bus,0,11,Herttoniemi(M)-Roihuvuori-Itäkeskus(M),,701,http://aikataulut.hsl.fi/linjat/fi/b80.html
1081,HSL,81,A-bus,0,11,Kulosaari-Herttoniemi(M)-Länsi-Herttoniemi,,701,http://aikataulut.hsl.fi/linjat/fi/b81.html
1082,HSL,82,A-bus,0,11,Herttoniemi(M)-Roihuvuori-Itäkeskus(M),,701,http://aikataulut.hsl.fi/linjat/fi/h82_82b.html
1082B,HSL,82B,A-bus,0,11,Herttoniemi (M)-Tammisalo-Roihuvuori-Itäkeskus(M),,701,http://aikataulut.hsl.fi/linjat/fi/h82_82b.html
1083,HSL,83,A-bus,0,11,Herttoniemi(M)-Tammisalo-Herttoniemi(M),,701,http://aikataulut.hsl.fi/linjat/fi/b83.html
1084,HSL,84,C-bus,0,14,Herttoniemi(M)-Gunillankallio,,701,http://aikataulut.hsl.fi/linjat/fi/b84.html
1085,HSL,85,C-bus,0,14,Herttoniemi(M)-Jollas,,701,http://aikataulut.hsl.fi/linjat/fi/h85_85b.html
1085K,HSL,85K,A-bus,0,11,Herttoniemi(M)-Yliskylä-Jollas,,701,http://aikataulut.hsl.fi/linjat/fi/b85K.html
1085N,HSL,85N,C-bus,0,14,Rautatientori-Herttoniemenranta-Jollas,,701,http://aikataulut.hsl.fi/linjat/fi/h85n.html
1086,HSL,86,A-bus,0,11,Herttoniemi(M)-Santahamina,,701,http://aikataulut.hsl.fi/linjat/fi/b86.html
1086K,HSL,86K,C-bus,0,14,Herttoniemi (M)-Laajasalo-Santahamina,,701,http://aikataulut.hsl.fi/linjat/fi/b86K.html
1086N,HSL,86N,C-bus,0,14,Rautatientori-Kulosaari-Herttoniemi-Santahamina,,701,http://aikataulut.hsl.fi/linjat/fi/h86n.html
1087,HSL,87,C-bus,0,14,Herttoniemi(M) - Kruunuvuorenranta,,701,http://aikataulut.hsl.fi/linjat/fi/b87.html
1087N,HSL,87N,C-bus,0,14,Rautatientori-Yliskylä-Kruunuvuorenranta,,701,http://aikataulut.hsl.fi/linjat/fi/b87N.html
1088,HSL,88,C-bus,0,14,Herttoniemi(M) - Kaitalahti,,701,http://aikataulut.hsl.fi/linjat/fi/b88.html
1089,HSL,89,C-bus,0,14,Herttoniemi (M)-Yliskylä,,701,http://aikataulut.hsl.fi/linjat/fi/b89.html
1090,HSL,90,A-bus,1100,11,Vuosaari (M)-Aurinkolahti-Vuosaaren satama,,701,http://aikataulut.hsl.fi/linjat/fi/b90.html
1090A,HSL,90A,A-bus,1100,11,Rautatientori-Vuosaaren satama,,701,http://aikataulut.hsl.fi/linjat/fi/h90a.html
1090N,HSL,90N,C-bus,1300,14,Rautatientori-Länsi-Herttoniemi-Vuosaari (Kallvikintie),,701,http://aikataulut.hsl.fi/linjat/fi/h90n.html
1092,HSL,92,A-bus,0,11,Itäkeskus(M)-Myllypuro,,701,http://aikataulut.hsl.fi/linjat/fi/b92.html
1092N,HSL,92N,C-bus,0,14,Rautatientori-Myllypuro-Kivikko-Kontula (Keinutie),,701,http://aikataulut.hsl.fi/linjat/fi/h92n.html
1094,HSL,94,A-bus,0,11,Itäkeskus(M)-Porttitie-Kontula(M)-Kontulankaari,,701,http://aikataulut.hsl.fi/linjat/fi/h94.html
1094A,HSL,94A,A-bus,0,11,Kotikonnuntie-Kontula(M)-Kivikko-Kontula(M),,701,http://aikataulut.hsl.fi/linjat/fi/h94a.html
1094B,HSL,94B,M-bus,230,1.5,Kivikonlaita-Kontula(M),,701,http://aikataulut.hsl.fi/linjat/fi/h94b.html
1094N,HSL,94N,A-bus,0,11,Rautatientori-Roihuvuori-Kontulankaari,,701,http://aikataulut.hsl.fi/linjat/fi/h94n.html
1095,HSL,95,A-bus,0,11,Itäkeskus(M)-Mellunmäki(M)-Kontula(M)-Keinutie,,701,http://aikataulut.hsl.fi/linjat/fi/b95.html
1095N,HSL,95N,C-bus,0,14,Rautatientori-Tammisalo-Roihuv.-Mellunmäki-Länsimäki,,701,http://aikataulut.hsl.fi/linjat/fi/h95n.html
1096,HSL,96,A-bus,1100,11,Vuosaari(M)-Porslahdentie,,701,http://aikataulut.hsl.fi/linjat/fi/b96.html
1096N,HSL,96N,C-bus,1300,14,Rautatientori-Aurinkolahti-Vuosaari(Porslahdentie),,701,http://aikataulut.hsl.fi/linjat/fi/h96n.html
1097,HSL,97,A-bus,0,11,Itäkeskus(M)-Vartioharju-Mellunmäki(M),,701,http://aikataulut.hsl.fi/linjat/fi/h97_97v.html
1097N,HSL,97N,C-bus,0,14,Rautatient.-Puotila-Mellunmäki(M)-Kontula (Kotikonnuntie),,701,http://aikataulut.hsl.fi/linjat/fi/h97n.html
1097V,HSL,97V,A-bus,0,11,Itäkeskus(M)-Puotila-Vartioharju-Mellunmäki(M),,701,http://aikataulut.hsl.fi/linjat/fi/h97_97v.html
1098,HSL,98,A-bus,0,11,Itäkeskus(M)-Marjaniemi-Rastila(M),,701,http://aikataulut.hsl.fi/linjat/fi/b98.html
1500,HSL,500,C-bus,0,14,Itäkeskus(M)-Pasila-Munkkivuori,,702,http://aikataulut.hsl.fi/linjat/fi/b500.html
1506,HSL,506,A-bus,1100,11,Myllypuro(M)-Viikki-Kumpula-Pasila-Ruskeasuo,,701,http://aikataulut.hsl.fi/linjat/fi/b506.html
1603,HSL,603,M-bus,230,1.5,Malmi-Oulunkylä-Koskela-Käpylä-Maunula-Pakila-Paloheinä,,704,http://aikataulut.hsl.fi/linjat/fi/b603.html
1701,HSL,701,M-bus,230,1.5,Viikki-Pihlajamäki-Malmi-Suutarila-Siltamäki,,704,http://aikataulut.hsl.fi/linjat/fi/b701.html
1702,HSL,702,M-bus,230,1.5,Jakomäki-Puistola-Malmi-Tapaninvainio-Savela,,704,http://aikataulut.hsl.fi/linjat/fi/b702.html
1704,HSL,704,M-bus,230,1.5,Malmi-Sepänmäki,,704,http://aikataulut.hsl.fi/linjat/fi/b704.html
1802,HSL,802,M-bus,230,1.5,Itäkeskus(M)-Jollas,,704,http://aikataulut.hsl.fi/linjat/fi/b802.html
1805,HSL,805,M-bus,230,1.5,Itäkeskus (M)-Myllypuro,,704,http://aikataulut.hsl.fi/linjat/fi/b805.html
1812,HSL,812,M-bus,230,1.5,Mellunmäki-Myllypuro,,704,http://aikataulut.hsl.fi/linjat/fi/b812.html
1813,HSL,813,M-bus,230,1.5,Vuosaari(M)-Merikorttikuja,,704,http://aikataulut.hsl.fi/linjat/fi/b813.html
1814,HSL,814,M-bus,230,1.5,Vuosaari(M)-Koukkusaarentie-Pohjoinen ostoskeskus,,704,http://aikataulut.hsl.fi/linjat/fi/b814.html
1815,HSL,815,M-bus,230,1.5,Vuosaari(M)-Isonvillasaarentie,,704,http://aikataulut.hsl.fi/linjat/fi/b815.html
1816,HSL,816,M-bus,230,1.5,Vuosaari(M)-Kallahti-Kallahdenniemi,,704,http://aikataulut.hsl.fi/linjat/fi/b816.html
1817,HSL,817,M-bus,230,1.5,Vuosaari(M)-Kallahti-Ramsinniemi,,704,http://aikataulut.hsl.fi/linjat/fi/b817.html
1818,HSL,818,M-bus,230,1.5,Vuosaari (M)-Vuosaaren satama-Mellunmäki (M),,701,http://aikataulut.hsl.fi/linjat/fi/b818.html
1831,HSL,831,A-bus,0,11,Itäkeskus(M)-Östersundom-Landbo,,701,http://aikataulut.hsl.fi/linjat/fi/b831.html
1831K,HSL,831K,A-bus,0,11,Itäkeskus(M)-Östersundom-Karhusaari-Landbo,,701,http://aikataulut.hsl.fi/linjat/fi/b831K.html
1839,HSL,839,M-bus,230,1.5,Rapuojantie-Östersundom-Puroniitty,,701,http://aikataulut.hsl.fi/linjat/fi/b839.html
1839K,HSL,839K,M-bus,230,1.5,Rapuojantie-Östersundom-Puroniitty,,701,http://aikataulut.hsl.fi/linjat/fi/b839K.html
2015,HSL,15,tram,0,25,Itäkeskus (M)-Keilaniemi (M),,900,http://aikataulut.hsl.fi/linjat/fi/e15.html
2105,HSL,105,A-bus,1100,11,Lauttasaari(M)-Westend-Haukilahti-Mankkaa,,701,http://aikataulut.hsl.fi/linjat/fi/b105.html
2108N,HSL,108N,A-bus,1100,11,Kamppi-Teekkarikylä-Tapiola(M)-Westendinasema,,701,http://aikataulut.hsl.fi/linjat/fi/b108N.html
2111,HSL,111,A-bus,1100,11,Otaniemi-Tapiola (M)-Westend-Matinkylä (M),,701,http://aikataulut.hsl.fi/linjat/fi/b111.html
2112N,HSL,112N,C-bus,1300,14,Kamppi-Lauttasaari (M)-Westend-Matinkylä(M)-Friisilä,,701,http://aikataulut.hsl.fi/linjat/fi/b112N.html
2113,HSL,113,A-bus,1100,11,Tapiola (M)-Laajalahti-Leppävaara,,701,http://aikataulut.hsl.fi/linjat/fi/b113.html
2113N,HSL,113N,A-bus,1100,11,Kamppi-Tapiola (M)-Laajalahti-Perkkaa-Leppävaara,,701,http://aikataulut.hsl.fi/linjat/fi/b113N.html
2114,HSL,114,A-bus,1100,11,Matinkylä (M)-Urheilupuisto (M)-Mankkaa-Kilo-Leppävaara,,701,http://aikataulut.hsl.fi/linjat/fi/b114.html
2114N,HSL,114N,A-bus,1100,11,Kamppi-Leppävaara,,701,http://aikataulut.hsl.fi/linjat/fi/b114N.html
2116,HSL,116,M-bus,230,1.5,Tapiola-Pohjois-Tapiola,,704,http://aikataulut.hsl.fi/linjat/fi/b116.html
2117,HSL,117,M-bus,230,1.5,Tapiola-Aarnivalkea-Itäranta-Tapiola,,704,http://aikataulut.hsl.fi/linjat/fi/b117.html
2118,HSL,118,A-bus,1100,11,Tapiola (M)-Urheilupuisto (M)-Suurpelto-Espoon keskus,,701,http://aikataulut.hsl.fi/linjat/fi/b118.html
2118N,HSL,118N,A-bus,1100,11,Kamppi-Tapiola (M)-Suurpelto-Kauniainen-Jorvi,,701,http://aikataulut.hsl.fi/linjat/fi/b118N.html
2119,HSL,119,M-bus,230,1.5,Tapiola-Niittykumpu,,704,http://aikataulut.hsl.fi/linjat/fi/b119.html
2121,HSL,121,A-bus,1100,11,Kamppi-Olari,,701,http://aikataulut.hsl.fi/linjat/fi/b121.html
2121A,HSL,121A,A-bus,1100,11,Kamppi-Olari-Latokaski,,701,http://aikataulut.hsl.fi/linjat/fi/b121A.html
2124,HSL,124,A-bus,1100,11,Tapiola (M)-Niittykumpu (M)-Olari-Espoonlahti (M),,701,http://aikataulut.hsl.fi/linjat/fi/b124.html
2125,HSL,125,A-bus,1100,11,Tapiola (M)-Niittykumpu (M)-Olari-Nöykkiö-Espoonlahti (M),,701,http://aikataulut.hsl.fi/linjat/fi/b125.html
2125N,HSL,125N,A-bus,1100,11,Kamppi-Tapiola (M)-Niittykumpu (M)-Olari- Latokaski,,701,http://aikataulut.hsl.fi/linjat/fi/b125N.html
2133,HSL,133,A-bus,1100,11,Friisilä-Matinkylä (M)-Henttaa,,701,http://aikataulut.hsl.fi/linjat/fi/b133.html
2134N,HSL,134N,C-bus,1300,14,Kamppi-Niittykumpu (M)-Espoon keskus-Suvela-Tuomarila,,701,http://aikataulut.hsl.fi/linjat/fi/b134N.html
2137,HSL,137,M-bus,230,1.5,Matinkylä (M)-Matinkallio-Piispankylä-Kuitinmäki,,704,http://aikataulut.hsl.fi/linjat/fi/b137.html
2138,HSL,138,M-bus,230,1.5,Matinkylä (M)-Nuottaniemi-Matinkallio,,704,http://aikataulut.hsl.fi/linjat/fi/b138.html
2146N,HSL,146N,C-bus,1300,14,Kamppi-Kivenlahti-Saunalahti,,701,http://aikataulut.hsl.fi/linjat/fi/b146N.html
2147N,HSL,147N,C-bus,1300,14,Kamppi-Kivenlahti,,701,http://aikataulut.hsl.fi/linjat/fi/b147N.html
2148,HSL,148,M-bus,230,1.5,Espoonlahden keskus-Soukka-Iivisniemi,,704,http://aikataulut.hsl.fi/linjat/fi/b148.html
2149,HSL,149,M-bus,230,1.5,Espoonlahden keskus-Kivenlahti,,704,http://aikataulut.hsl.fi/linjat/fi/b149.html
2158,HSL,158,A-bus,1100,11,Matinkylä (M)-Nöykkiö-Tillinmäki-Espoonlahti (M),,701,http://aikataulut.hsl.fi/linjat/fi/b158.html
2159,HSL,159,A-bus,1100,11,Matinkylä (M)-Latokaski,,701,http://aikataulut.hsl.fi/linjat/fi/b159.html
2162,HSL,162,A-bus,1100,11,Espoonlahti (M)-Kivenlahti (M)-Saunalahti-Kauklahti,,701,http://aikataulut.hsl.fi/linjat/fi/b162.html
2163,HSL,163,A-bus,1100,11,Suvisaaristo-Espoonlahti (M)-Saunalahti-Kurttila-Kauklahti,,701,http://aikataulut.hsl.fi/linjat/fi/b163.html
2164,HSL,164,C-bus,1300,14,Kamppi-Saunalahti-Kurttila,,701,http://aikataulut.hsl.fi/linjat/fi/b164.html
2164K,HSL,164K,C-bus,1300,14,Kamppi-Saunalahti-Tillinmäki,,701,http://aikataulut.hsl.fi/linjat/fi/b164K.html
2165,HSL,165,C-bus,1300,14,Espoonlahti (M)-Kivenlahti (M)-Saunalahti-Kauklahti-Vanttila,,701,http://aikataulut.hsl.fi/linjat/fi/b165.html
2165N,HSL,165N,A-bus,1100,11,Kamppi-Saunalahti-Kauklahti,,701,http://aikataulut.hsl.fi/linjat/fi/b165N.html
2166,HSL,166,A-bus,1100,11,Lasilaakso-Kauklahti-Bassenkylä,,701,http://aikataulut.hsl.fi/linjat/fi/e166b.html
2166K,HSL,166K,M-bus,230,1.5,Lasilaakso-Kauklahti-Bassenkylä,,701,http://aikataulut.hsl.fi/linjat/fi/e166b.html
2167,HSL,167,M-bus,230,1.5,Lasilaakso-Kauklahti-Järvikylä,,701,http://aikataulut.hsl.fi/linjat/fi/b167.html
2168,HSL,168,M-bus,230,1.5,Espoon keskus-Mikkelä-Kauklahti,,704,http://aikataulut.hsl.fi/linjat/fi/b168.html
2169,HSL,169,M-bus,230,1.5,Espoon keskus-Suvela,,704,http://aikataulut.hsl.fi/linjat/fi/b169.html
2200,HSL,200,C-bus,1300,14,Elielinaukio-Leppävaara-Espoon keskus,,702,http://aikataulut.hsl.fi/linjat/fi/b200.html
2201,HSL,201,M-bus,230,1.5,Leppävaara-Mäkkylä-Pitäjänmäki- Pajamäki,,704,http://aikataulut.hsl.fi/linjat/fi/b201.html
2201B,HSL,201B,A-bus,550,11,Leppävaara-Mäkkylä-Pitäjänmäki,,701,http://aikataulut.hsl.fi/linjat/fi/b201b.html
2202,HSL,202,A-bus,550,11,Vermonniitty-Leppävaara-Helmipöllönmäki,,701,http://aikataulut.hsl.fi/linjat/fi/b202.html
2203,HSL,203,A-bus,550,11,Leppävaara-Uusmäki,,701,http://aikataulut.hsl.fi/linjat/fi/b203.html
2206,HSL,206,A-bus,550,11,Leppävaara-Kera,,701,http://aikataulut.hsl.fi/linjat/fi/b206.html
2206K,HSL,206K,A-bus,550,11,Leppävaara-Kilo-Kera,,701,http://aikataulut.hsl.fi/linjat/fi/b206K.html
2207,HSL,207,M-bus,230,1.5,Leppävaara-Lintukorpi,,704,http://aikataulut.hsl.fi/linjat/fi/b207.html
2212,HSL,212,A-bus,0,11,Kamppi-Meilahti-Laajalahti-Kauniainen,,701,http://aikataulut.hsl.fi/linjat/fi/b212.html
2213,HSL,213,A-bus,0,11,Kamppi-Meilahti-Suvela-Espoon keskus-Kauklahti,,701,http://aikataulut.hsl.fi/linjat/fi/b213.html
2213N,HSL,213N,A-bus,0,11,Kamppi-Meilahti-Laajalahti-Suvela-Espoon keskus,,701,http://aikataulut.hsl.fi/linjat/fi/b213N.html
2214,HSL,214,A-bus,550,11,Leppävaara-Karakallio-Rastaala-Jupperi,,701,http://aikataulut.hsl.fi/linjat/fi/b214.html
2215,HSL,215,A-bus,550,11,Leppävaara-Jupperi-Lähderanta,,701,http://aikataulut.hsl.fi/linjat/fi/b215.html
2224,HSL,224,A-bus,550,11,Leppävaara-Kauniainen-Espoon keskus-Tuomarila,,701,http://aikataulut.hsl.fi/linjat/fi/b224.html
2224B,HSL,224B,A-bus,550,11,Kauniainen-Espoon keskus-Tuomarila,,701,http://aikataulut.hsl.fi/linjat/fi/b224B.html
2225,HSL,225,A-bus,550,11,Leppävaara-Karakallio-Viherlaakso-Lippajärvi-Högnäs,,701,http://aikataulut.hsl.fi/linjat/fi/b225.html
2227,HSL,227,A-bus,550,11,Leppävaara-Lippajärvi-Jorvi,,701,http://aikataulut.hsl.fi/linjat/fi/b227.html
2229,HSL,229,M-bus,230,1.5,Leppävaara-Karakallio-Viherlaakso,,704,http://aikataulut.hsl.fi/linjat/fi/b229.html
2231N,HSL,231N,A-bus,550,11,Elielinaukio-Leppävaara-Lintuvaara-Vanhakartano,,701,http://aikataulut.hsl.fi/linjat/fi/s231n.html
2232,HSL,232,M-bus,230,1.5,Kirkkotie-Gallträsk-Kasavuori-Kirkkotie,,704,http://aikataulut.hsl.fi/linjat/fi/b232.html
2235N,HSL,235N,A-bus,550,11,Elielinaukio-Leppävaara-Espoon keskus-Kuurinniitty,,701,http://aikataulut.hsl.fi/linjat/fi/b235N.html
2236,HSL,236,A-bus,550,11,Leppävaara-Viherlaakso-Kalajärvi-Serena,,701,http://aikataulut.hsl.fi/linjat/fi/b236.html
2236B,HSL,236B,A-bus,550,11,Leppävaara-Viherlaakso-Vanhakartano,,701,http://aikataulut.hsl.fi/linjat/fi/b236B.html
2236V,HSL,236V,A-bus,550,11,Leppävaara-Viherlaakso-Koskelo-Kalajärvi-Serena,,701,http://aikataulut.hsl.fi/linjat/fi/b236V.html
2239,HSL,239,A-bus,550,11,Leppävaara-Viherlaakso-Perusmäki-Kalajärvi,,701,http://aikataulut.hsl.fi/linjat/fi/b239.html
2241,HSL,241,M-bus,230,1.5,Espoon keskus-Mikkelä-Hirvisuo,,701,http://aikataulut.hsl.fi/linjat/fi/b241.html
2241V,HSL,241V,M-bus,230,1.5,Espoon keskus-Hirvisuo,,701,http://aikataulut.hsl.fi/linjat/fi/b241V.html
2242,HSL,242,M-bus,230,1.5,Espoon keskus-Kauklahti,,701,http://aikataulut.hsl.fi/linjat/fi/b242.html
2244,HSL,244,A-bus,1100,11,Espoon keskus-Nupuri-Brobacka-Siikaniemi,,701,http://aikataulut.hsl.fi/linjat/fi/b244.html
2245,HSL,245,A-bus,1100,11,Espoon keskus-Nuuksionpää,,701,http://aikataulut.hsl.fi/linjat/fi/b245.html
2246,HSL,246,A-bus,1100,11,Espoon keskus-Röylä-Bodom-Espoon keskus,,701,http://aikataulut.hsl.fi/linjat/fi/b246.html
2246K,HSL,246K,A-bus,1100,11,Espoon keskus-Kellonummi-Röylä,,701,http://aikataulut.hsl.fi/linjat/fi/b246K.html
2246KT,HSL,246KT,A-bus,1100,11,Espoon keskus-Kellonummi-Bodom-Röylä,,701,http://aikataulut.hsl.fi/linjat/fi/b246KT.html
2246T,HSL,246T,A-bus,1100,11,Espoon keskus-Bodom-Röylä,,701,http://aikataulut.hsl.fi/linjat/fi/b246T.html
2321,HSL,321,C-bus,1300,14,Elielinaukio-Jupperi-Vanhakartano,,701,http://aikataulut.hsl.fi/linjat/fi/b321.html
2345,HSL,345,C-bus,1300,14,Elielinaukio-Rinnekoti,,701,http://aikataulut.hsl.fi/linjat/fi/b345.html
2345N,HSL,345N,C-bus,1300,14,Elielinaukio-Hämeenkylä-Rinnekoti,,701,http://aikataulut.hsl.fi/linjat/fi/b345N.html
2348,HSL,348,A-bus,1100,11,Rinnekoti-Röylä-Kalajärvi,,701,http://aikataulut.hsl.fi/linjat/fi/b348.html
2348K,HSL,348K,A-bus,1100,11,Rinnekoti-Lahnus-Hännikäinen-Kalajärvi,,701,http://aikataulut.hsl.fi/linjat/fi/b348K.html
2349,HSL,349,A-bus,1100,11,Lepsämänjoki-Hännikäinen-Serena-Kalajärvi-Perusmäki-Nemlahti,,701,http://aikataulut.hsl.fi/linjat/fi/b349.html
2349B,HSL,349B,A-bus,1100,11,Lepsämänjoki-Kalajärvi,,701,http://aikataulut.hsl.fi/linjat/fi/b349B.html
2349BK,HSL,349BK,A-bus,1100,11,Lepsämänjoki-Hännikäinen-Kalajärvi,,701,http://aikataulut.hsl.fi/linjat/fi/b349BK.html
2436N,HSL,436N,C-bus,1300,14,Elielinaukio-Myyrmäki-Martinlaakso-Kalajärvi,,701,http://aikataulut.hsl.fi/linjat/fi/b436N.html
2502,HSL,502,A-bus,0,11,Kallio-Meilahti-Munkkiniemi-Leppävaara,,701,http://aikataulut.hsl.fi/linjat/fi/b502.html
2510,HSL,510,C-bus,1300,14,Herttoniemi (M)-Pasila-Tapiola(M)-Espoonl.(M)-Kivenlahti (M),,702,http://aikataulut.hsl.fi/linjat/fi/b510.html
2531,HSL,531,A-bus,1100,11,Tiistilä-Matinkylä (M)-Olari-Espoon keskus,,701,http://aikataulut.hsl.fi/linjat/fi/b531.html
2533,HSL,533,C-bus,1300,14,Hyljelahti-Matinkylä (M)-Kauniainen-Järvenperä,,701,http://aikataulut.hsl.fi/linjat/fi/b533.html
2542,HSL,542,C-bus,1300,14,Soukanniemi-Soukka(M)-Espoonl.(M)-Kivenl.(M)-Espoon k.-Jorvi,,701,http://aikataulut.hsl.fi/linjat/fi/b542.html
2544,HSL,544,A-bus,1100,11,Leppävaara-Karamalmi-Kaitaa-Soukka-Espoonlahti-Kivenlahti,,701,http://aikataulut.hsl.fi/linjat/fi/b544.html
2548,HSL,548,A-bus,1100,11,Tapiola (M)-Mankkaa-Kauniainen-Viherlaakso-Jupperi,,701,http://aikataulut.hsl.fi/linjat/fi/b548.html
2549,HSL,549,A-bus,1100,11,Tapiola(M)-Mankkaa-Kauniainen-Jorvi,,701,http://aikataulut.hsl.fi/linjat/fi/b549.html
2553,HSL,553,A-bus,1100,11,Hakunila-Malmi-Maunula-Leppävaara,,701,http://aikataulut.hsl.fi/linjat/fi/b553.html
2582,HSL,582,A-bus,1100,11,Espoon keskus-Juvanmalmi-Kalajärvi,,701,http://aikataulut.hsl.fi/linjat/fi/b582.html
2582V,HSL,582V,A-bus,1100,11,Espoon keskus-Juvanmalmi-Kalajärvi,,701,http://aikataulut.hsl.fi/linjat/fi/b582V.html
3001I,HSL,I,Train,0,68,Helsinki-Helsinki,,109,https://www.vr.fi/cs/vr/fi/paakaupunkiseudun_lahiliikenne
3001K,HSL,K,Train,0,68,Helsinki-Kerava,,109,https://www.vr.fi/cs/vr/fi/paakaupunkiseudun_lahiliikenne
3001R,HSL,R,Train,0,68,Helsinki-Riihimäki,,109,https://www.vr.fi/cs/vr/fi/paakaupunkiseudun_lahiliikenne
3001T,HSL,T,Train,0,68,Helsinki-Riihimäki,,109,https://www.vr.fi/cs/vr/fi/paakaupunkiseudun_lahiliikenne
3001Z,HSL,Z,Train,0,68,Helsinki-Lahti,,109,https://www.vr.fi/cs/vr/fi/paakaupunkiseudun_lahiliikenne
3002A,HSL,A,Train,0,68,Helsinki-Leppävaara,,109,https://www.vr.fi/cs/vr/fi/paakaupunkiseudun_lahiliikenne
3002E,HSL,E,Train,0,68,Helsinki-Kauklahti,,109,https://www.vr.fi/cs/vr/fi/paakaupunkiseudun_lahiliikenne
3002L,HSL,L,Train,0,68,Helsinki-Kirkkonummi,,109,https://www.vr.fi/cs/vr/fi/paakaupunkiseudun_lahiliikenne
3002P,HSL,P,Train,0,68,Helsinki-Helsinki,,109,https://www.vr.fi/cs/vr/fi/paakaupunkiseudun_lahiliikenne
3002U,HSL,U,Train,0,68,Helsinki-Kirkkonummi,,109,https://www.vr.fi/cs/vr/fi/paakaupunkiseudun_lahiliikenne
3002Y,HSL,Y,Train,0,68,Helsinki-Siuntio,,109,https://www.vr.fi/cs/vr/fi/paakaupunkiseudun_lahiliikenne
31M1,HSL,M1,Metro,0,120,Kivenlahti - Vuosaari,,1,http://aikataulut.hsl.fi/linjat/fi/bM1.html
31M1B,HSL,M1B,Metro,0,120,Itäkeskus - Vuosaari,,1,http://aikataulut.hsl.fi/linjat/fi/bM1B.html
31M2,HSL,M2,Metro,0,120,Tapiola - Mellunmäki,,1,http://aikataulut.hsl.fi/linjat/fi/bM2.html
31M2B,HSL,M2B,Metro,0,120,Itäkeskus - Mellunmäki,,1,http://aikataulut.hsl.fi/linjat/fi/bM2B.html
4300,HSL,300,C-bus,1300,14,Elielinaukio-Myyrmäki,,702,http://aikataulut.hsl.fi/linjat/fi/b300.html
4311,HSL,311,A-bus,1100,11,Kaivoksela-Myyrmäki-Hämeenkylä,,701,http://aikataulut.hsl.fi/linjat/fi/b311.html
4313,HSL,313,M-bus,230,1.5,Kaivoksela-Myyrmäki-Hämeenkylä,,704,https://www.hsl.fi/sites/default/files/uploads/hsl_lahibussi_313_web.pdf
4335,HSL,335,A-bus,1100,11,Askisto-Martinlaakso-Louhela-Myyrmäki-Vapaala-Linnainen,,701,http://aikataulut.hsl.fi/linjat/fi/b335.html
4335B,HSL,335B,C-bus,1300,14,Askisto-Martinlaakso-Louhela-Myyrmäki-Vapaala,,701,http://aikataulut.hsl.fi/linjat/fi/b335B.html
4400,HSL,400,C-bus,1300,14,Kamppi-Martinlaakso-Vantaankoski,,702,http://aikataulut.hsl.fi/linjat/fi/b400.html
4413,HSL,413,M-bus,230,1.5,Martinlaakso-Myyrmäki,,704,https://www.hsl.fi/sites/default/files/uploads/hsl_lahibussi_413_web.pdf
4415N,HSL,415N,C-bus,1300,14,Elielinaukio-Myyrmäki-Ylästö-Lentoasema,,701,http://aikataulut.hsl.fi/linjat/fi/b415N.html
4431,HSL,431,C-bus,1300,14,Elielinaukio-Kivistö,,701,http://aikataulut.hsl.fi/linjat/fi/b431.html
4431B,HSL,431B,C-bus,1300,14,Elielinaukio-Vantaanlaakso,,701,http://aikataulut.hsl.fi/linjat/fi/b431B.html
4431N,HSL,431N,C-bus,1300,14,Elielinaukio-Kuninkaantammi-Vantaanlaakso-Kivistö-Lentoasema,,701,http://aikataulut.hsl.fi/linjat/fi/b431N.html
4433,HSL,433,A-bus,0,11,Martinlaakso-Vantaanpuisto-Petas-Kivistö,,701,http://aikataulut.hsl.fi/linjat/fi/b433.html
4434,HSL,434,A-bus,0,11,Kivistö-Keimolanmäki,,701,http://aikataulut.hsl.fi/linjat/fi/b434.html
4443,HSL,443,A-bus,0,11,Kivistö-Vestra,,701,http://aikataulut.hsl.fi/linjat/fi/b443.html
4443K,HSL,443K,A-bus,0,11,Kivistö-Luhtaanmäki-Vestra,,701,http://aikataulut.hsl.fi/linjat/fi/b443K.html
4444,HSL,444,M-bus,230,1.5,Kivistö-Katriinan sairaala-Tapola-Riipilä,,701,http://aikataulut.hsl.fi/linjat/fi/b444.html
4444T,HSL,444T,M-bus,230,1.5,Kivistö-Katriinan sairaala-Tapola-Pirttiranta-Riipilä,,701,http://aikataulut.hsl.fi/linjat/fi/b444T.html
4445,HSL,445,A-bus,0,11,Kivistö-Katriinan sairaala-Reuna,,701,http://aikataulut.hsl.fi/linjat/fi/b445.html
4446,HSL,446,M-bus,230,1.5,Kivistö-Koivupää-Katriinan sairaala-Kesäkylä,,701,http://aikataulut.hsl.fi/linjat/fi/b446.html
4447,HSL,447,M-bus,230,1.5,Kivistö-Viinikanmetsä-Kesäkylä,,701,http://aikataulut.hsl.fi/linjat/fi/b447.html
4518,HSL,518,A-bus,0,11,Ilmala-Pasila-Kuninkaanmäki,,701,http://aikataulut.hsl.fi/linjat/fi/b518.html
4522,HSL,522,A-bus,550,11,Leppävaara - Pähkinärinne - Vantaankoski,,701,http://aikataulut.hsl.fi/linjat/fi/b522.html
4522B,HSL,522B,A-bus,550,11,Leppävaara-Hämevaara,,701,http://aikataulut.hsl.fi/linjat/fi/b522B.html
4560,HSL,560,C-bus,1300,14,Rastila (M)-Vuosaari (M)-Kontula (M)-Malmi-Myyrmäki,,702,http://aikataulut.hsl.fi/linjat/fi/b560.html
4561,HSL,561,A-bus,1100,11,Itäkeskus (M)-Malmi-Aviapolis-Kivistö,,701,http://aikataulut.hsl.fi/linjat/fi/b561.html
4562,HSL,562,A-bus,1100,11,Itäkeskus (M) - Malmi - Aviapolis - Lentoasema,,701,http://aikataulut.hsl.fi/linjat/fi/v562.html
4570,HSL,570,D-bus,0,18,Mellunmäki(M)-Tikkurila-Aviapolis-Lentoasema,,702,http://aikataulut.hsl.fi/linjat/fi/b570.html
4571,HSL,571,C-bus,1300,14,Tikkurila-Ylästö-Myyrmäki,,701,http://aikataulut.hsl.fi/linjat/fi/b571.html
4572,HSL,572,A-bus,1100,11,Mellunmäki-Martinlaakso,,701,http://aikataulut.hsl.fi/linjat/fi/b572.html
4574,HSL,574,A-bus,1100,11,Peijas-Ruskeasanta-Aviapolis-Ylästö-Myyrmäki,,701,http://aikataulut.hsl.fi/linjat/fi/b574.html
4576,HSL,576,A-bus,1100,11,Tikkurila-Aviapolis-Seutula-Kivistö,,701,http://aikataulut.hsl.fi/linjat/fi/b576.html
4587,HSL,587,A-bus,1100,11,Mellunmäki-Korso-Vierumäki,,701,http://aikataulut.hsl.fi/linjat/fi/b587.html
4588,HSL,588,A-bus,1100,11,Länsisalmi-Itä-Hakkila-Sotungin koulu,,701,http://aikataulut.hsl.fi/linjat/fi/b588.html
4588B,HSL,588B,A-bus,1100,11,Länsisalmi-Sotungin koulu,,701,http://aikataulut.hsl.fi/linjat/fi/b588B.html
4600,HSL,600,C-bus,1300,14,Rautatientori-Kartanonkoski-Lentoasema,,702,http://aikataulut.hsl.fi/linjat/fi/b600.html
4611,HSL,611,C-bus,1300,14,Rautatientori-Siltamäki-Suutarila-Tikkurila,,701,http://aikataulut.hsl.fi/linjat/fi/b611.html
4614,HSL,614,A-bus,1100,11,Hakaniemi-Tammisto-Ylästö,,701,http://aikataulut.hsl.fi/linjat/fi/b614.html
4617,HSL,617,A-bus,1100,11,Hakaniemi-Tammisto-Aviapolis,,701,http://aikataulut.hsl.fi/linjat/fi/b617.html
4619,HSL,619,A-bus,0,11,Tikkurila-Hiekkaharju-Simonsilta,,701,http://aikataulut.hsl.fi/linjat/fi/b619.html
4623,HSL,623,A-bus,1100,11,Hakaniemi-Peijas,,701,http://aikataulut.hsl.fi/linjat/fi/b623.html
4624,HSL,624,A-bus,0,11,Tikkurila-Ilola-Leinelä-Koivukylä-Havukoski-Päiväkumpu,,701,http://aikataulut.hsl.fi/linjat/fi/b624.html
4624N,HSL,624N,A-bus,0,11,Tikkurila-Leinelä-Ilola,,701,http://aikataulut.hsl.fi/linjat/fi/b624N.html
4625,HSL,625,M-bus,230,1.5,Tikkurila-Koivukylä-Peijas-Rekolanmäki,,701,http://aikataulut.hsl.fi/linjat/fi/b625.html
4631,HSL,631,A-bus,0,11,Tikkurila-Koivukylä-Korso-Kulomäki,,701,http://aikataulut.hsl.fi/linjat/fi/b631.html
4633,HSL,633,A-bus,1100,11,Hakaniemi-Ilola-Korso,,701,http://aikataulut.hsl.fi/linjat/fi/b633.html
4711,HSL,711,C-bus,0,14,Hakaniemi-Kuusikko-Tikkurila,,701,http://aikataulut.hsl.fi/linjat/fi/b711.html
4713,HSL,713,M-bus,230,1.5,Hakunilan palvelulinja,,704,https://www.hsl.fi/sites/default/files/uploads/hsl_lahibussi_713_web.pdf
4713B,HSL,713B,M-bus,230,1.5,Hakunilan palvelulinja,,704,https://www.hsl.fi/sites/default/files/uploads/hsl_lahibussi_713_web.pdf
4717,HSL,717,C-bus,0,14,Rautatientori-Jakomäki-Hakunila-Honkanummi-Tikkurila,,701,http://aikataulut.hsl.fi/linjat/fi/b717.html
4717K,HSL,717K,C-bus,0,14,Rautatientori-Jakomäki-Vaarala-Hakunila-Tikkurila,,701,http://aikataulut.hsl.fi/linjat/fi/b717K.html
4717N,HSL,717N,C-bus,0,14,Rautatientori-Jakomäki-Hakunila-Nissas,,701,http://aikataulut.hsl.fi/linjat/fi/b717N.html
4718,HSL,718,A-bus,0,11,Rautatientori-Nissas,,701,http://aikataulut.hsl.fi/linjat/fi/b718.html
4718A,HSL,718A,A-bus,0,11,Rautatientori-Nissas-Sotunki,,701,http://aikataulut.hsl.fi/linjat/fi/b718A.html
4719,HSL,719,M-bus,230,1.5,Nybygget-Hakunila,,701,http://aikataulut.hsl.fi/linjat/fi/b719.html
4719B,HSL,719B,M-bus,230,1.5,Länsisalmi-Hakunila,,701,http://aikataulut.hsl.fi/linjat/fi/b719B.html
4719K,HSL,719K,M-bus,230,1.5,Nybygget-Länsisalmi-Hakunila,,701,http://aikataulut.hsl.fi/linjat/fi/b719K.html
4721,HSL,721,A-bus,0,11,Hakaniemi-Honkanummi-Havukoski-Päiväkumpu-Koivukylä,,701,http://aikataulut.hsl.fi/linjat/fi/b721.html
4721N,HSL,721N,C-bus,0,14,Rautatientori-Honkanummi-Havukoski-Päiväkumpu-Koivukylä,,701,http://aikataulut.hsl.fi/linjat/fi/b721N.html
4723,HSL,723,M-bus,230,1.5,Koivukylän palvelulinja,,704,https://www.hsl.fi/sites/default/files/uploads/hsl_lahibussi_723_web.pdf
4724,HSL,724,A-bus,0,11,Tikkurila-Jokiniemi-Havukoski-Päiväkumpu,,701,http://aikataulut.hsl.fi/linjat/fi/b724.html
4731,HSL,731,A-bus,0,11,Hakaniemi-Korso-Kulomäki,,701,http://aikataulut.hsl.fi/linjat/fi/b731.html
4731N,HSL,731N,C-bus,0,14,Rautatientori-Kulomäki,,701,http://aikataulut.hsl.fi/linjat/fi/b731N.html
4734,HSL,734,A-bus,0,11,Jokivarsi-Korso,,701,http://aikataulut.hsl.fi/linjat/fi/b734.html
4735,HSL,735,A-bus,0,11,Tikkurila-Korso-Mikkola,,701,http://aikataulut.hsl.fi/linjat/fi/b735.html
4736,HSL,736,A-bus,0,11,Tikkurila-Sotunki-Nikinmäki-Leppäkorpi-Korso,,701,http://aikataulut.hsl.fi/linjat/fi/b736.html
4736B,HSL,736B,C-bus,0,14,Nikinmäki-Leppäkorpi-Korso,,701,http://aikataulut.hsl.fi/linjat/fi/b736B.html
4737,HSL,737,C-bus,0,14,Pohjois-Nikinmäki-Nikinmäki-Mikkola-Korso,,701,http://aikataulut.hsl.fi/linjat/fi/b737.html
4737K,HSL,737K,A-bus,0,11,Pohjois-Nikinmäki-Nikinmäki-Jokivarsi-Mikkola-Korso,,701,http://aikataulut.hsl.fi/linjat/fi/b737K.html
4739,HSL,739,C-bus,0,14,Rautatientori-Kuninkaanmäki-Nikinmäk-Korso,,701,http://aikataulut.hsl.fi/linjat/fi/b739.html
5520,HSL,520,C-bus,0,14,Matinkylä (M)-Suurpelto-Leppävaara-Myyrmäki-Martinlaakso,,702,http://aikataulut.hsl.fi/linjat/fi/b520.html
5530,HSL,530,C-bus,0,14,Matinkylä (M)-Finnoo (M)-Espoon keskus-Myyrmäki,,702,http://aikataulut.hsl.fi/linjat/fi/b530.html
5566,HSL,566,A-bus,1100,11,Martinlaakso-Järvenperä-Espoon keskus,,701,http://aikataulut.hsl.fi/linjat/fi/b566.html
5583,HSL,583,A-bus,0,11,Aviapolis-Louhela-Perusmäki,,701,http://aikataulut.hsl.fi/linjat/fi/b583.html
5583K,HSL,583K,A-bus,0,11,Aviapolis-Louhela-Perusmäki,,701,http://aikataulut.hsl.fi/linjat/fi/b583K.html
5584,HSL,584,A-bus,0,11,Aviapolis-Louhela-Kalajärvi,,701,http://aikataulut.hsl.fi/linjat/fi/b584.html
5584T,HSL,584T,A-bus,0,11,Kalajärvi-Louhela-Helsinge skola,,701,http://aikataulut.hsl.fi/linjat/fi/b584T.html
6171,HSL,171,A-bus,0,11,Matinkylä (M)-Masala-Kirkkonummi,,701,http://aikataulut.hsl.fi/linjat/fi/b171.html
6171B,HSL,171B,A-bus,0,11,Kirkkonummi - Gesterby,,701,http://aikataulut.hsl.fi/linjat/fi/b171B.html
6171Z,HSL,171Z,A-bus,0,11,Matinkylä (M)-Gesterby-Kirkkonummi,,701,http://aikataulut.hsl.fi/linjat/fi/b171Z.html
6172,HSL,172,A-bus,0,11,Matinkylä (M)-Masala-Kirkkonummi-Kantvik,,701,http://aikataulut.hsl.fi/linjat/fi/b172.html
6173,HSL,173,A-bus,0,11,Matinkylä (M)-Masala-Kirkkonummi-Upinniemi,,701,http://aikataulut.hsl.fi/linjat/fi/b173.html
6173N,HSL,173N,A-bus,0,11,Kamppi-Masala-Kirkkonummi-Upinniemi,,701,http://aikataulut.hsl.fi/linjat/fi/b173N.html
6173Z,HSL,173Z,A-bus,0,11,Matinkylä (M)-Kirkkonummi-Upinniemi,,701,http://aikataulut.hsl.fi/linjat/fi/b173Z.html
6175,HSL,175,A-bus,0,11,Matinkylä (M)-Sarvvik-Masala-Jorvas,,701,http://aikataulut.hsl.fi/linjat/fi/b175.html
6175V,HSL,175V,A-bus,0,11,Matinkylä (M)-Jorvas,,701,http://aikataulut.hsl.fi/linjat/fi/b175V.html
6181,HSL,181,A-bus,0,11,Kirkkonummi-Siuntio,,701,http://aikataulut.hsl.fi/linjat/fi/b181.html
6181K,HSL,181K,A-bus,0,11,Kirkkonummi-Siuntio,,701,http://aikataulut.hsl.fi/linjat/fi/b181K.html
6182,HSL,182,A-bus,0,11,Kirkkonummi-Siuntio,,701,http://aikataulut.hsl.fi/linjat/fi/b182.html
6182A,HSL,182A,A-bus,0,11,Kirkkonummi-Siuntio-Siuntion kylpylä,,701,http://aikataulut.hsl.fi/linjat/fi/b182A.html
6243,HSL,243,A-bus,1100,11,Espoon keskus-Muurala-Kolmperä-Kolmiranta-Veikkola,,701,http://aikataulut.hsl.fi/linjat/fi/b243.html
6243V,HSL,243V,A-bus,1100,11,Espoon keskus-Muurala-Kolmperä-Veikkola,,701,http://aikataulut.hsl.fi/linjat/fi/b243V.html
6901,HSL,901,A-bus,0,11,Luoma-Masala-Jorvaksentie-Hirsala,,701,http://aikataulut.hsl.fi/linjat/fi/b901.html
6901K,HSL,901K,A-bus,0,11,Luoma-Masala-Gesterby-Hirsala,,701,http://aikataulut.hsl.fi/linjat/fi/b901K.html
6902,HSL,902,A-bus,0,11,Pikkalan tehdas-Kirkkonummi-Porkkala,,701,http://aikataulut.hsl.fi/linjat/fi/b902.html
6902K,HSL,902K,A-bus,0,11,Pikkalan tehdas-Kirkkonummi-Porkkala,,701,http://aikataulut.hsl.fi/linjat/fi/b902K.html
6903,HSL,903,A-bus,0,11,Kirkkonummi-Hila,,701,http://aikataulut.hsl.fi/linjat/fi/b903.html
6903K,HSL,903K,A-bus,0,11,Kirkkonummi-Kantvik-Hila,,701,http://aikataulut.hsl.fi/linjat/fi/b903K.html
6904,HSL,904,A-bus,0,11,Kirkkonummi-Kyrkvalla-Kantvik,,701,http://aikataulut.hsl.fi/linjat/fi/b904.html
6906,HSL,906,A-bus,0,11,Luoma-Masala-Kauhala,,701,http://aikataulut.hsl.fi/linjat/fi/b906.html
6907,HSL,907,A-bus,0,11,Kirkkonummi-Veklahti-Lapinkylä-Veikkola,,701,http://aikataulut.hsl.fi/linjat/fi/b907.html
6908,HSL,908,A-bus,0,11,Kirkkonummi-Evitskog-Kylmälä-Veikkola-Kaislampi,,701,http://aikataulut.hsl.fi/linjat/fi/b908.html
6908K,HSL,908K,A-bus,0,11,Kirkkonummi-Evitskog-Kylmälä-Veikkola-Kaislampi,,701,http://aikataulut.hsl.fi/linjat/fi/b908K.html
6909,HSL,909,A-bus,0,11,Veikkola-Lapinkylä-Kauhala,,701,http://aikataulut.hsl.fi/linjat/fi/b909.html
6909K,HSL,909K,A-bus,0,11,Veikkola-Lapinkylä-Oitmäki,,701,http://aikataulut.hsl.fi/linjat/fi/b909K.html
6911,HSL,911,A-bus,0,11,Kauklahti-Masala-Kirkkonummi,,701,http://aikataulut.hsl.fi/linjat/fi/b911.html
6912,HSL,912,A-bus,1100,11,Kuntakeskus-Pikkala,,704,http://aikataulut.hsl.fi/linjat/fi/b912.html
6912K,HSL,912K,A-bus,1100,11,Kuntakeskus-Störsvik-Pikkala,,704,http://aikataulut.hsl.fi/linjat/fi/b912K.html
6913A,HSL,913A,M-bus,230,1.5,Kuntakeskus-Västerby-Karskog-Kuntakeskus,,704,http://aikataulut.hsl.fi/linjat/fi/b913A.html
6913B,HSL,913B,M-bus,230,1.5,Kuntakeskus-Kela-Karskog-Västerby,,704,http://aikataulut.hsl.fi/linjat/fi/b913B.html
6913BT,HSL,913BT,M-bus,230,1.5,Kuntakeskus-Böle-Kela-Karskog-Kuntakeskus,,704,http://aikataulut.hsl.fi/linjat/fi/b913BT.html
6914,HSL,914,A-bus,1100,11,Kuntakeskus- Siuntion kk.-Raivio-Bocksintie,,704,http://aikataulut.hsl.fi/linjat/fi/b914.html
6914B,HSL,914B,A-bus,1100,11,Kuntakeskus- Siuntion kk.-Raivio-Evitskog,,704,http://aikataulut.hsl.fi/linjat/fi/b914B.html
6914T,HSL,914T,A-bus,1100,11,Kuntakeskus- Siuntion kk.-Bocksintie,,704,http://aikataulut.hsl.fi/linjat/fi/b914T.html
6915A,HSL,915A,M-bus,230,1.5,Kuntakeskus-Siuntion kk.-Järvinummi-Kuntakeskus,,704,http://aikataulut.hsl.fi/linjat/fi/b915A.html
6915AK,HSL,915AK,M-bus,230,1.5,Kuntakeskus-Siuntion kk.-Järvinummi-Kuntakeskus,,704,http://aikataulut.hsl.fi/linjat/fi/b915AK.html
6915B,HSL,915B,M-bus,230,1.5,Kuntakeskus-Siuntion kylpylä-Siuntion kk.-Annila-Järvinummi,,704,http://aikataulut.hsl.fi/linjat/fi/b915B.html
6915BK,HSL,915BK,M-bus,230,1.5,Kuntakeskus-Siuntion kk.-Annila-Järvinummi,,704,http://aikataulut.hsl.fi/linjat/fi/b915BK.html
6915T,HSL,915T,A-bus,1100,11,Kuntakeskus-Siuntion kk.-Järvinummi-Kahvimaa,,704,http://aikataulut.hsl.fi/linjat/fi/b915T.html
6916,HSL,916,A-bus,1100,11,Kuntakeskus-Siuntion kk.-Suitia-Pauni,,704,http://aikataulut.hsl.fi/linjat/fi/b916.html
6916K,HSL,916K,M-bus,230,1.5,Kuntakeskus-Siuntion kylpyä-Siuntion kk.-Suitia-Pauni,,704,http://aikataulut.hsl.fi/linjat/fi/b916K.html
6917,HSL,917,M-bus,230,1.5,Kuntakeskus-Siuntion kk.-Vejans-Hästböle-Kuntakeskus,,704,http://aikataulut.hsl.fi/linjat/fi/b917.html
9633N,HSL,633N,A-bus,550,11,Rautatientori-Simonkylä-Leinelä-Korso-Ahjo-Keravan asema,,701,http://aikataulut.hsl.fi/linjat/fi/b633N.html
9641,HSL,641,A-bus,550,11,Tikkurila-Leinelä-Hyrylä-Kerava,,701,http://aikataulut.hsl.fi/linjat/fi/b641.html
9642,HSL,642,A-bus,550,11,Leinelä-Lahela-Hyrylä,,701,http://aikataulut.hsl.fi/linjat/fi/b642.html
9642K,HSL,642K,A-bus,550,11,Leinelä-Ruotsinkylä-Lahela-Hyrylä,,701,http://aikataulut.hsl.fi/linjat/fi/b642K.html
9643,HSL,643,A-bus,550,11,Hakaniemi-Hyrylä,,701,http://aikataulut.hsl.fi/linjat/fi/b643.html
9643K,HSL,643K,C-bus,650,14,Hakaniemi-Ruskeasanta-Hyrylä,,701,http://aikataulut.hsl.fi/linjat/fi/b643K.html
9643N,HSL,643N,A-bus,1100,11,Rautatientori-Hyrylä-Lahela,,701,http://aikataulut.hsl.fi/linjat/fi/b643N.html
9665,HSL,665,A-bus,1100,11,Hyrylä-Järvenpää-Kellokoski,,701,http://aikataulut.hsl.fi/linjat/fi/b665.html
9665A,HSL,665A,A-bus,1100,11,Hyrylä-Järvenpää-Kellokoski(-Mäntsälä),,701,http://aikataulut.hsl.fi/linjat/fi/b665A.html
9665K,HSL,665K,A-bus,1100,11,Hyrylä-Järvenpää-Jamppa-Kellokoski,,701,http://aikataulut.hsl.fi/linjat/fi/b665K.html
9665N,HSL,665N,A-bus,1100,11,Rautatientori-Hyrylä-Järvenpää-Jamppa-Kellokoski,,701,http://aikataulut.hsl.fi/linjat/fi/b665N.html
9738,HSL,738,A-bus,550,11,Kalasatama (M)-Keravan asema,,701,http://aikataulut.hsl.fi/linjat/fi/b738.html
9785,HSL,785,C-bus,0,14,Rautatientori-Jokivarsi-Nikkilä,,701,http://aikataulut.hsl.fi/linjat/fi/b785.html
9785K,HSL,785K,A-bus,0,11,Rautatientori-Kuninkaanmäki-Nikkilä,,701,http://aikataulut.hsl.fi/linjat/fi/b785K.html
9787,HSL,787,C-bus,0,14,Rautatientori-Nikinmäki-Nikkilä-Pornainen,,701,http://aikataulut.hsl.fi/linjat/fi/b787.html
9787A,HSL,787A,C-bus,0,14,Rautatientori-Nikinmäki-Nikkilä-Laukkoski-Pornainen-Halkia,,701,http://aikataulut.hsl.fi/linjat/fi/b787A.html
9787B,HSL,787B,A-bus,0,11,Nikkilä-Pornainen,,701,http://aikataulut.hsl.fi/linjat/fi/b787B.html
9787K,HSL,787K,A-bus,0,11,Rautatientori-Kuninkaanmäki-Nikkilä-Pornainen,,701,http://aikataulut.hsl.fi/linjat/fi/b787K.html
9788,HSL,788,A-bus,0,11,Rautatientori-Jokivarsi-Nikkilä-Hinthaara-Porvoo,,701,http://aikataulut.hsl.fi/linjat/fi/b788.html
9788B,HSL,788B,A-bus,0,11,Nikkilä-Hinthaara-Porvoo,,701,http://aikataulut.hsl.fi/linjat/fi/b788B.html
9788K,HSL,788K,C-bus,0,14,Rautatientori-Kuninkaanmäki-Nikkilä-Hinthaara-Porvoo,,701,http://aikataulut.hsl.fi/linjat/fi/b788K.html
9841,HSL,841,A-bus,0,11,Itäkeskus-Östersundom-Söderkulla-Nikkilä,,701,http://aikataulut.hsl.fi/linjat/fi/b841.html
9841B,HSL,841B,A-bus,0,11,Söderkulla-Nikkilä,,701,http://aikataulut.hsl.fi/linjat/fi/b841B.html
9841N,HSL,841N,A-bus,0,11,Rautatientori-Östersundom-Söderkulla-Nikkilä-Jokimäki,,701,http://aikataulut.hsl.fi/linjat/fi/b841N.html
9842,HSL,842,A-bus,0,11,Itäkeskus–Söderkulla–Eriksnäs,,701,http://aikataulut.hsl.fi/linjat/fi/b842.html
9843,HSL,843,A-bus,0,11,Itäkeskus–Söderkulla–Kalkkiranta,,701,http://aikataulut.hsl.fi/linjat/fi/b843.html
9844,HSL,844,A-bus,0,11,Itäkeskus–Söderkulla–Taasjärvi,,701,http://aikataulut.hsl.fi/linjat/fi/b844.html
9961,HSL,961,A-bus,1100,11,Korso-Sula-Riihikallio-Hyrylä-Nahkela-Palojoki(-Nurmijärvi),,701,http://aikataulut.hsl.fi/linjat/fi/b961.html
9961B,HSL,961B,A-bus,1100,11,Korso-Sula-Riihikallio-Hyrylä,,701,http://aikataulut.hsl.fi/linjat/fi/b961B.html
9963,HSL,963,A-bus,550,11,Paijala-Hyrylä-Keravan asema,,701,http://aikataulut.hsl.fi/linjat/fi/b963.html
9964,HSL,964,A-bus,550,11,Hyrylä-Paijala-Rusutjärvi-Rannikonmäki,,701,http://aikataulut.hsl.fi/linjat/fi/b964.html
9964K,HSL,964K,M-bus,230,1.5,Rannikonmäki-Rusutjärvi-Paijala-Hyrylä,,701,http://aikataulut.hsl.fi/linjat/fi/b964K.html
9965,HSL,965,M-bus,230,1.5,Hyrylä-Jäniksenlinna-Perttu-Jokela,,701,http://aikataulut.hsl.fi/linjat/fi/b965.html
9965K,HSL,965K,A-bus,1100,11,Hyrylä-Jäniksenlinna-Perttu-Jokela,,701,http://aikataulut.hsl.fi/linjat/fi/b965K.html
9966,HSL,966,A-bus,1100,11,Jokela-Vanhakylän koulu - Saunakallio -Terrisuo,,701,http://aikataulut.hsl.fi/linjat/fi/b966.html
9967,HSL,967,M-bus,230,1.5,Jokela-Nuppulinna-Linjamäki-Kellokoski,,701,http://aikataulut.hsl.fi/linjat/fi/b967.html
9967K,HSL,967K,M-bus,230,1.5,Jokela-Nuppulinna-Purola-Linjamäki-Kellokoski,,701,http://aikataulut.hsl.fi/linjat/fi/b967K.html
9971,HSL,971,M-bus,230,1.5,Kivistö-Ruotsinkylä-Hyrylä-Keravan asema,,701,http://aikataulut.hsl.fi/linjat/fi/b971.html
9972,HSL,972,A-bus,550,11,Korso-Alikerava-Keravan asema,,701,http://aikataulut.hsl.fi/linjat/fi/b972.html
9973,HSL,973,A-bus,550,11,Peijas-Korso-Kannisto-Keravan asema,,701,http://aikataulut.hsl.fi/linjat/fi/b973.html
9975,HSL,975,A-bus,550,11,Kerava as.- Kaleva - Mattilanpuisto,,701,http://aikataulut.hsl.fi/linjat/fi/b975.html
9975N,HSL,975N,A-bus,550,11,Keravan asema - Kaleva - Hyrylä,,701,http://aikataulut.hsl.fi/linjat/fi/b975N.html
9976,HSL,976,A-bus,550,11,Keravan asema-Virrenkulma,,701,http://aikataulut.hsl.fi/linjat/fi/b976.html
9977,HSL,977,A-bus,550,11,Kytömaa-Päivölä-Keravan asema,,701,http://aikataulut.hsl.fi/linjat/fi/b977.html
9977V,HSL,977V,A-bus,550,11,Kytömaa-Ylikerava-Keravan asema,,701,http://aikataulut.hsl.fi/linjat/fi/b977V.html
9978,HSL,978,A-bus,550,11,Keinukallio-Sorsakorpi-Keravan asema,,701,http://aikataulut.hsl.fi/linjat/fi/b978.html
9978K,HSL,978K,A-bus,550,11,Bastukärr-Sorsakorpi-Keravan asema,,701,http://aikataulut.hsl.fi/linjat/fi/b978K.html
9982,HSL,982,A-bus,0,11,Nikkilä-Neulasniitty-Talma,,701,http://aikataulut.hsl.fi/linjat/fi/b982.html
9984,HSL,984,A-bus,0,11,Hindsby (Knuters)-Nikkilä-Talma,,701,http://aikataulut.hsl.fi/linjat/fi/b984.html
9984K,HSL,984K,A-bus,0,11,Hindsby (Knuters)-Nikkilä- Mårsbackantie-Talma,,701,http://aikataulut.hsl.fi/linjat/fi/b984K.html
9985,HSL,985,A-bus,550,11,Nikkilä-Talma-Keravan asema,,701,http://aikataulut.hsl.fi/linjat/fi/b985.html
9986,HSL,986,C-bus,0,14,Nikkilä-Etelä-Paippinen-Järvenpään asema,,701,http://aikataulut.hsl.fi/linjat/fi/si986.html
9986B,HSL,986B,C-bus,0,14,Nikkilä-Etelä-Paippinen-Rajakulma,,701,http://aikataulut.hsl.fi/linjat/fi/si986.html
9987,HSL,987,A-bus,0,11,Nikkilä-Pornainen-Pohjois-Paippinen-Järvenpään asema,,701,http://aikataulut.hsl.fi/linjat/fi/b987.html
9987A,HSL,987A,A-bus,0,11,Monninkylä-Pornainen-Järvenpää,,701,http://aikataulut.hsl.fi/linjat/fi/b987A.html
9987B,HSL,987B,A-bus,0,11,Nikkilä-Laukkoski-Pornainen,,701,http://aikataulut.hsl.fi/linjat/fi/b987B.html
9987T,HSL,987T,A-bus,0,11,Nikkilä-Laukkoski-Pornainen-Pohjois-Paippinen-Järvenpää,,701,http://aikataulut.hsl.fi/linjat/fi/b987T.html
9989,HSL,989,A-bus,0,11,Pornainen-Halkia-Metsäkylä-Järvenpää,,701,https://www.hsl.fi/sites/default/files/uploads/sipoo-21_sivua.pdf
9989A,HSL,989A,A-bus,0,11,Monninkylä-Pornainen-Halkia-Metsäkylä-Järvenpää,,701,https://www.hsl.fi/sites/default/files/uploads/sipoo-21_sivua.pdf
9989B,HSL,989B,A-bus,0,11,Pornainen-Halkia-Pihlajamäki,,701,https://www.hsl.fi/sites/default/files/uploads/sipoo-21_sivua.pdf
9989V,HSL,989V,A-bus,0,11,Monninkylä-Pornainen-Metsäkylä,,701,https://www.hsl.fi/sites/default/files/uploads/sipoo-21_sivua.pdf
9992,HSL,992,C-bus,0,14,Eriksnäs-Söderkulla-Massby-Hindsby-Nikkilä,,701,http://aikataulut.hsl.fi/linjat/fi/b992.html
9993,HSL,993,C-bus,0,14,Taasjärvi-Söderkulla-Box-Gesterby-Nikkilä,,701,http://aikataulut.hsl.fi/linjat/fi/b993.html
9993K,HSL,993K,A-bus,0,11,Taasjärvi-Söderkulla-Box-Gesterby-Nikkilä,,701,http://aikataulut.hsl.fi/linjat/fi/b993K.html
9994,HSL,994,A-bus,0,11,Söderkulla-Immersby-Gumbostrand,,701,http://aikataulut.hsl.fi/linjat/fi/b994.html
9994K,HSL,994K,A-bus,0,11,Söderkulla-Gumbostrand,,701,http://aikataulut.hsl.fi/linjat/fi/b994K.html
9995,HSL,995,A-bus,0,11,Taasjärvi-Söderkulla-Kalkkiranta,,701,http://aikataulut.hsl.fi/linjat/fi/b995.html
9996,HSL,996,A-bus,0,11,Söderkulla-Box-Spjutsund-Kitö,,701,http://aikataulut.hsl.fi/linjat/fi/b996.html
